{"nodes":null,"selection":null,"view":{"scroll":{"x":-119.066635131835938,"y":-69.2647857666015625},"zoom":1}}