{
	"Alpha": 1.0,
	"AntiAliasedFill": true,
	"AntiAliasedLines": true,
	"AntiAliasedLinesUseTex": true,
	"ButtonTextAlign": {
		"X": 0.5,
		"Y": 0.5
	},
	"CellPadding": {
		"X": 4.0,
		"Y": 2.0
	},
	"ChildBorderSize": 1.0,
	"ChildRounding": 0.0,
	"CircleTessellationMaxError": 0.30000001192092896,
	"ColorButtonPosition": 1,
	"Colors": {
		"Border": {
			"Index": 5,
			"Name": "Border",
			"Value": {
				"A": 1.0,
				"B": 0.25999999046325684,
				"G": 0.25999999046325684,
				"R": 0.25999999046325684
			}
		},
		"BorderShadow": {
			"Index": 6,
			"Name": "BorderShadow",
			"Value": {
				"A": 1.0,
				"B": 0.25999999046325684,
				"G": 0.25999999046325684,
				"R": 0.25999999046325684
			}
		},
		"Button": {
			"Index": 21,
			"Name": "Button",
			"Value": {
				"A": 1.0,
				"B": 0.36000001430511475,
				"G": 0.36000001430511475,
				"R": 0.36000001430511475
			}
		},
		"ButtonActive": {
			"Index": 23,
			"Name": "ButtonActive",
			"Value": {
				"A": 1.0,
				"B": 0.10999999940395355,
				"G": 0.10999999940395355,
				"R": 0.10999999940395355
			}
		},
		"ButtonHovered": {
			"Index": 22,
			"Name": "ButtonHovered",
			"Value": {
				"A": 1.0,
				"B": 0.4300000071525574,
				"G": 0.4300000071525574,
				"R": 0.4300000071525574
			}
		},
		"CheckMark": {
			"Index": 18,
			"Name": "CheckMark",
			"Value": {
				"A": 1.0,
				"B": 0.7799999713897705,
				"G": 0.7799999713897705,
				"R": 0.7799999713897705
			}
		},
		"ChildBg": {
			"Index": 3,
			"Name": "ChildBg",
			"Value": {
				"A": 0.0,
				"B": 0.0,
				"G": 0.0,
				"R": 0.0
			}
		},
		"DockingEmptyBg": {
			"Index": 39,
			"Name": "DockingEmptyBg",
			"Value": {
				"A": 1.0,
				"B": 0.10000000298023224,
				"G": 0.10000000298023224,
				"R": 0.10000000298023224
			}
		},
		"DockingPreview": {
			"Index": 38,
			"Name": "DockingPreview",
			"Value": {
				"A": 0.21699999272823334,
				"B": 1.0,
				"G": 1.0,
				"R": 1.0
			}
		},
		"DragDropTarget": {
			"Index": 50,
			"Name": "DragDropTarget",
			"Value": {
				"A": 0.949999988079071,
				"B": 1.0,
				"G": 1.0,
				"R": 1.0
			}
		},
		"FrameBg": {
			"Index": 7,
			"Name": "FrameBg",
			"Value": {
				"A": 1.0,
				"B": 0.1599999964237213,
				"G": 0.1599999964237213,
				"R": 0.1599999964237213
			}
		},
		"FrameBgActive": {
			"Index": 9,
			"Name": "FrameBgActive",
			"Value": {
				"A": 1.0,
				"B": 0.1599999964237213,
				"G": 0.1599999964237213,
				"R": 0.1599999964237213
			}
		},
		"FrameBgHovered": {
			"Index": 8,
			"Name": "FrameBgHovered",
			"Value": {
				"A": 1.0,
				"B": 0.1589999964237213,
				"G": 0.1589999964237213,
				"R": 0.1589999964237213
			}
		},
		"Header": {
			"Index": 24,
			"Name": "Header",
			"Value": {
				"A": 1.0,
				"B": 0.36000001430511475,
				"G": 0.36000001430511475,
				"R": 0.36000001430511475
			}
		},
		"HeaderActive": {
			"Index": 26,
			"Name": "HeaderActive",
			"Value": {
				"A": 1.0,
				"B": 0.36000001430511475,
				"G": 0.36000001430511475,
				"R": 0.36000001430511475
			}
		},
		"HeaderHovered": {
			"Index": 25,
			"Name": "HeaderHovered",
			"Value": {
				"A": 1.0,
				"B": 0.36000001430511475,
				"G": 0.36000001430511475,
				"R": 0.36000001430511475
			}
		},
		"MenuBarBg": {
			"Index": 13,
			"Name": "MenuBarBg",
			"Value": {
				"A": 1.0,
				"B": 0.25999999046325684,
				"G": 0.25999999046325684,
				"R": 0.25999999046325684
			}
		},
		"ModalWindowDimBg": {
			"Index": 54,
			"Name": "ModalWindowDimBg",
			"Value": {
				"A": 0.3499999940395355,
				"B": 0.20000000298023224,
				"G": 0.20000000298023224,
				"R": 0.20000000298023224
			}
		},
		"NavHighlight": {
			"Index": 51,
			"Name": "NavHighlight",
			"Value": {
				"A": 0.800000011920929,
				"B": 0.4272300601005554,
				"G": 0.4272300601005554,
				"R": 0.4272300601005554
			}
		},
		"NavWindowingDimBg": {
			"Index": 53,
			"Name": "NavWindowingDimBg",
			"Value": {
				"A": 0.20000000298023224,
				"B": 0.20000000298023224,
				"G": 0.20000000298023224,
				"R": 0.20000000298023224
			}
		},
		"NavWindowingHighlight": {
			"Index": 52,
			"Name": "NavWindowingHighlight",
			"Value": {
				"A": 0.699999988079071,
				"B": 0.699999988079071,
				"G": 0.699999988079071,
				"R": 0.699999988079071
			}
		},
		"PlotHistogram": {
			"Index": 42,
			"Name": "PlotHistogram",
			"Value": {
				"A": 1.0,
				"B": 0.0,
				"G": 0.699999988079071,
				"R": 0.8999999761581421
			}
		},
		"PlotHistogramHovered": {
			"Index": 43,
			"Name": "PlotHistogramHovered",
			"Value": {
				"A": 1.0,
				"B": 0.0,
				"G": 0.6000000238418579,
				"R": 1.0
			}
		},
		"PlotLines": {
			"Index": 40,
			"Name": "PlotLines",
			"Value": {
				"A": 1.0,
				"B": 0.38999998569488525,
				"G": 0.38999998569488525,
				"R": 0.38999998569488525
			}
		},
		"PlotLinesHovered": {
			"Index": 41,
			"Name": "PlotLinesHovered",
			"Value": {
				"A": 1.0,
				"B": 0.3499999940395355,
				"G": 0.4300000071525574,
				"R": 1.0
			}
		},
		"PopupBg": {
			"Index": 4,
			"Name": "PopupBg",
			"Value": {
				"A": 1.0,
				"B": 0.25999999046325684,
				"G": 0.25999999046325684,
				"R": 0.25999999046325684
			}
		},
		"ResizeGrip": {
			"Index": 30,
			"Name": "ResizeGrip",
			"Value": {
				"A": 0.17000000178813934,
				"B": 0.3499999940395355,
				"G": 0.3499999940395355,
				"R": 0.3499999940395355
			}
		},
		"ResizeGripActive": {
			"Index": 32,
			"Name": "ResizeGripActive",
			"Value": {
				"A": 0.949999988079071,
				"B": 0.09859156608581543,
				"G": 0.09859156608581543,
				"R": 0.09859156608581543
			}
		},
		"ResizeGripHovered": {
			"Index": 31,
			"Name": "ResizeGripHovered",
			"Value": {
				"A": 1.0,
				"B": 0.0,
				"G": 0.0,
				"R": 0.0
			}
		},
		"ScrollbarBg": {
			"Index": 14,
			"Name": "ScrollbarBg",
			"Value": {
				"A": 1.0,
				"B": 0.20999999344348907,
				"G": 0.20999999344348907,
				"R": 0.20999999344348907
			}
		},
		"ScrollbarGrab": {
			"Index": 15,
			"Name": "ScrollbarGrab",
			"Value": {
				"A": 1.0,
				"B": 0.36000001430511475,
				"G": 0.36000001430511475,
				"R": 0.36000001430511475
			}
		},
		"ScrollbarGrabActive": {
			"Index": 17,
			"Name": "ScrollbarGrabActive",
			"Value": {
				"A": 1.0,
				"B": 0.36000001430511475,
				"G": 0.36000001430511475,
				"R": 0.36000001430511475
			}
		},
		"ScrollbarGrabHovered": {
			"Index": 16,
			"Name": "ScrollbarGrabHovered",
			"Value": {
				"A": 1.0,
				"B": 0.36000001430511475,
				"G": 0.36000001430511475,
				"R": 0.36000001430511475
			}
		},
		"Separator": {
			"Index": 27,
			"Name": "Separator",
			"Value": {
				"A": 0.6200000047683716,
				"B": 0.38999998569488525,
				"G": 0.38999998569488525,
				"R": 0.38999998569488525
			}
		},
		"SeparatorActive": {
			"Index": 29,
			"Name": "SeparatorActive",
			"Value": {
				"A": 1.0,
				"B": 0.5399061441421509,
				"G": 0.5399061441421509,
				"R": 0.5399061441421509
			}
		},
		"SeparatorHovered": {
			"Index": 28,
			"Name": "SeparatorHovered",
			"Value": {
				"A": 0.7799999713897705,
				"B": 0.17840373516082764,
				"G": 0.17840373516082764,
				"R": 0.17840373516082764
			}
		},
		"SliderGrab": {
			"Index": 19,
			"Name": "SliderGrab",
			"Value": {
				"A": 1.0,
				"B": 0.7400000095367432,
				"G": 0.7400000095367432,
				"R": 0.7400000095367432
			}
		},
		"SliderGrabActive": {
			"Index": 20,
			"Name": "SliderGrabActive",
			"Value": {
				"A": 1.0,
				"B": 0.7400000095367432,
				"G": 0.7400000095367432,
				"R": 0.7400000095367432
			}
		},
		"Tab": {
			"Index": 33,
			"Name": "Tab",
			"Value": {
				"A": 0.9309999942779541,
				"B": 0.1596243977546692,
				"G": 0.1596243977546692,
				"R": 0.1596243977546692
			}
		},
		"TabActive": {
			"Index": 35,
			"Name": "TabActive",
			"Value": {
				"A": 1.0,
				"B": 0.0,
				"G": 0.0,
				"R": 0.0
			}
		},
		"TabHovered": {
			"Index": 34,
			"Name": "TabHovered",
			"Value": {
				"A": 0.800000011920929,
				"B": 0.6244131326675415,
				"G": 0.6244131326675415,
				"R": 0.6244131326675415
			}
		},